{
    "overall_htpa": 0.8150955494234975,
    "hourly_stats": {
        "0": {
            "total_predictions": 3623,
            "correct_predictions": 3038,
            "accuracy": 0.8385316036433894
        },
        "1": {
            "total_predictions": 3619,
            "correct_predictions": 2992,
            "accuracy": 0.8267477203647416
        },
        "2": {
            "total_predictions": 3629,
            "correct_predictions": 3010,
            "accuracy": 0.8294295949297327
        },
        "3": {
            "total_predictions": 3638,
            "correct_predictions": 2926,
            "accuracy": 0.8042880703683343
        },
        "4": {
            "total_predictions": 3628,
            "correct_predictions": 2931,
            "accuracy": 0.807883131201764
        },
        "5": {
            "total_predictions": 3753,
            "correct_predictions": 2986,
            "accuracy": 0.7956301625366373
        },
        "6": {
            "total_predictions": 3590,
            "correct_predictions": 2879,
            "accuracy": 0.801949860724234
        },
        "7": {
            "total_predictions": 3683,
            "correct_predictions": 2922,
            "accuracy": 0.7933749660602769
        },
        "8": {
            "total_predictions": 3673,
            "correct_predictions": 2898,
            "accuracy": 0.7890008167710318
        },
        "9": {
            "total_predictions": 3545,
            "correct_predictions": 2744,
            "accuracy": 0.7740479548660084
        },
        "10": {
            "total_predictions": 3607,
            "correct_predictions": 2751,
            "accuracy": 0.7626836706404214
        },
        "11": {
            "total_predictions": 3672,
            "correct_predictions": 2835,
            "accuracy": 0.7720588235294118
        },
        "12": {
            "total_predictions": 3508,
            "correct_predictions": 2681,
            "accuracy": 0.7642531356898518
        },
        "13": {
            "total_predictions": 3646,
            "correct_predictions": 2818,
            "accuracy": 0.7729018102029621
        },
        "14": {
            "total_predictions": 3604,
            "correct_predictions": 2808,
            "accuracy": 0.779134295227525
        },
        "15": {
            "total_predictions": 3653,
            "correct_predictions": 2910,
            "accuracy": 0.7966055297016151
        },
        "16": {
            "total_predictions": 3720,
            "correct_predictions": 3121,
            "accuracy": 0.8389784946236559
        },
        "17": {
            "total_predictions": 3649,
            "correct_predictions": 3113,
            "accuracy": 0.8531104412167717
        },
        "18": {
            "total_predictions": 3746,
            "correct_predictions": 3184,
            "accuracy": 0.8499733048585157
        },
        "19": {
            "total_predictions": 3641,
            "correct_predictions": 3145,
            "accuracy": 0.8637736885471025
        },
        "20": {
            "total_predictions": 3675,
            "correct_predictions": 3177,
            "accuracy": 0.8644897959183674
        },
        "21": {
            "total_predictions": 3586,
            "correct_predictions": 3104,
            "accuracy": 0.8655883993307306
        },
        "22": {
            "total_predictions": 3630,
            "correct_predictions": 3126,
            "accuracy": 0.8611570247933884
        },
        "23": {
            "total_predictions": 3619,
            "correct_predictions": 3089,
            "accuracy": 0.8535507046145344
        }
    },
    "period_stats": {
        "Afternoon (12:00-16:59)": {
            "total_predictions": 18131,
            "correct_predictions": 14338,
            "accuracy": 0.7908002868016105
        },
        "Evening (17:00-21:59)": {
            "total_predictions": 18297,
            "correct_predictions": 15723,
            "accuracy": 0.8593212001967536
        },
        "Morning (5:00-11:59)": {
            "total_predictions": 25523,
            "correct_predictions": 20015,
            "accuracy": 0.7841946479645809
        },
        "Night (22:00-4:59)": {
            "total_predictions": 25386,
            "correct_predictions": 21112,
            "accuracy": 0.8316394863310486
        }
    }
}