{
    "ensemble_hras": 0.933521875035781,
    "hybrid_hras": 0.9964505307029095
}